,aed_sqm,source
2003-01,5382.0,BIS
2003-02,5382.0,BIS
2003-03,5404.0,BIS
2003-04,5393.0,BIS
2003-05,5349.0,BIS
2003-06,5263.0,BIS
2003-07,5145.0,BIS
2003-08,5145.0,BIS
2003-09,5166.0,BIS
2003-10,5243.0,BIS
2003-11,5318.0,BIS
2003-12,5350.0,BIS
2004-01,5521.0,BIS
2004-02,5974.0,BIS
2004-03,6038.0,BIS
2004-04,6082.0,BIS
2004-05,6146.0,BIS
2004-06,6276.0,BIS
2004-07,6362.0,BIS
2004-08,6371.0,BIS
2004-09,6448.0,BIS
2004-10,6577.0,BIS
2004-11,6954.0,BIS
2004-12,6587.0,BIS
2005-01,6674.0,BIS
2005-02,6835.0,BIS
2005-03,6813.0,BIS
2005-04,6803.0,BIS
2005-05,6856.0,BIS
2005-06,6932.0,BIS
2005-07,6964.0,BIS
2005-08,6985.0,BIS
2005-09,7019.0,BIS
2005-10,7050.0,BIS
2005-11,7040.0,BIS
2005-12,7051.0,BIS
2006-01,7620.0,BIS
2006-02,7740.0,BIS
2006-03,7557.0,BIS
2006-04,7566.0,BIS
2006-05,8008.0,BIS
2006-06,7868.0,BIS
2006-07,8493.0,BIS
2006-08,8353.0,BIS
2006-09,8708.0,BIS
2006-10,8310.0,BIS
2006-11,8632.0,BIS
2006-12,8492.0,BIS
2007-01,9257.0,BIS
2007-02,9224.0,BIS
2007-03,9376.0,BIS
2007-04,9558.0,BIS
2007-05,9774.0,BIS
2007-06,10010.0,BIS
2007-07,10355.0,BIS
2007-08,10699.0,BIS
2007-09,10969.0,BIS
2007-10,11366.0,BIS
2007-11,11712.0,BIS
2007-12,12099.0,BIS
2008-01,12507.0,BIS
2008-02,12830.0,BIS
2008-03,13165.0,BIS
2008-04,13466.0,BIS
2008-05,13789.0,BIS
2008-06,14004.0,BIS
2008-07,14209.0,BIS
2008-08,14208.0,BIS
2008-09,13746.0,BIS
2008-10,13250.0,BIS
2008-11,12874.0,BIS
2008-12,12411.0,BIS
2009-01,11958.0,BIS
2009-02,11615.0,BIS
2009-03,11334.0,BIS
2009-04,11066.0,BIS
2009-05,10829.0,BIS
2009-06,10666.0,BIS
2009-07,10516.0,BIS
2009-08,10419.0,BIS
2009-09,10387.0,BIS
2009-10,10345.0,BIS
2009-11,10301.0,BIS
2009-12,10247.0,BIS
2010-01,9935.0,BIS
2010-02,9796.0,BIS
2010-03,9655.0,BIS
2010-04,9612.0,BIS
2010-05,9407.0,BIS
2010-06,9364.0,BIS
2010-07,9225.0,BIS
2010-08,9149.0,BIS
2010-09,9096.0,BIS
2010-10,9021.0,BIS
2010-11,8944.0,BIS
2010-12,8892.0,BIS
2011-01,8934.0,BIS
2011-02,8967.0,BIS
2011-03,9020.0,BIS
2011-04,9010.0,BIS
2011-05,8933.0,BIS
2011-06,9010.0,BIS
2011-07,9096.0,BIS
2011-08,9128.0,BIS
2011-09,9193.0,BIS
2011-10,9225.0,BIS
2011-11,9374.0,BIS
2011-12,9452.0,BIS
2012-01,9407.0,BIS
2012-02,9472.0,BIS
2012-03,9645.0,BIS
2012-04,9859.0,BIS
2012-05,10000.0,BIS
2012-06,10193.0,BIS
2012-07,10259.0,BIS
2012-08,10420.0,BIS
2012-09,10602.0,BIS
2012-10,10807.0,BIS
2012-11,10946.0,BIS
2012-12,11109.0,BIS
2013-01,10973.0,BIS
2013-02,11204.0,BIS
2013-03,11192.0,BIS
2013-04,11285.0,BIS
2013-05,11661.0,BIS
2013-06,11880.0,BIS
2013-07,12070.0,BIS
2013-08,12380.0,BIS
2013-09,12892.0,BIS
2013-10,13269.0,BIS
2013-11,13516.0,BIS
2013-12,13900.0,BIS
2014-01,14243.0,BIS
2014-02,14923.0,BIS
2014-03,15438.0,BIS
2014-04,15920.0,BIS
2014-05,15928.0,BIS
2014-06,16077.0,BIS
2014-07,16040.0,BIS
2014-08,15766.0,BIS
2014-09,15984.0,BIS
2014-10,16095.0,BIS
2014-11,15767.0,BIS
2014-12,15686.0,BIS
2015-01,15309.0,BIS
2015-02,15182.0,BIS
2015-03,14925.0,BIS
2015-04,14821.0,BIS
2015-05,14595.0,BIS
2015-06,14423.0,BIS
2015-07,14172.0,BIS
2015-08,14177.0,BIS
2015-09,14249.0,BIS
2015-10,13578.0,BIS
2015-11,14208.0,BIS
2015-12,14027.0,BIS
2016-01,14070.0,BIS
2016-02,13593.0,BIS
2016-03,14052.5,BIS
2016-04,13793.0,BIS
2016-05,14134.0,BIS
2016-06,14092.0,BIS
2016-07,13958.0,BIS
2016-08,14040.0,BIS
2016-09,14005.0,BIS
2016-10,14025.0,BIS
2016-11,14017.0,BIS
2016-12,13958.0,BIS
2017-01,13900.9659,BIS
2017-02,13973.5171,BIS
2017-03,13855.0,BIS
2017-04,13903.0,BIS
2017-05,13974.2781,BIS
2017-06,13951.2307,BIS
2017-07,13863.8043,BIS
2017-08,13730.1444,BIS
2017-09,13656.618,BIS
2017-10,13558.565,BIS
2017-11,13311.5701,BIS
2017-12,13424.1725,BIS
2018-01,13415.2926,BIS
2018-02,13336.9689,BIS
2018-03,13104.7113,BIS
2018-04,13151.0,BIS
2018-05,13072.0211,BIS
2018-06,12966.4315,BIS
2018-07,12827.2328,BIS
2018-08,12646.4923,BIS
2018-09,12567.8525,BIS
2018-10,12303.9585,BIS
2018-11,12237.693,BIS
2018-12,12229.0905,BIS
2019-01,12055.0,BIS
2019-02,12042.3212,BIS
2019-03,12144.3602,BIS
2019-04,11817.5197,BIS
2019-05,11812.1414,BIS
2019-06,11766.246,BIS
2019-07,11835.6185,BIS
2019-08,11948.97,BIS
2019-09,11628.7165,BIS
2019-10,11579.22,BIS
2019-11,11602.5373,BIS
2019-12,11488.9342,BIS
2020-01,11322.8009,BIS
2020-02,11326.1439,BIS
2020-03,11215.936,BIS
2020-04,11179.5805,BIS
2020-05,11091.6621,BIS
2020-06,10931.9488,BIS
2020-07,10885.0272,BIS
2020-08,10767.7172,BIS
2020-09,10741.0615,BIS
2020-10,10716.1365,BIS
2020-11,10704.2303,BIS
2020-12,10749.4759,BIS
2021-01,10843.6021,BIS
2021-02,10803.9508,BIS
2021-03,10826.0252,BIS
2021-04,10923.43,BIS
2021-05,10997.9011,BIS
2021-06,11165.4547,BIS
2021-07,11296.4017,BIS
2021-08,11517.549,BIS
2021-09,11579.2015,BIS
2021-10,11701.3156,BIS
2021-11,11750.6152,BIS
2021-12,11802.4762,BIS
2022-01,12045.9626,BIS
2022-02,12001.9332,BIS
2022-03,12122.0409,BIS
2022-04,12089.6725,BIS
2022-05,12196.8468,BIS
2022-06,12399.4349,BIS
2022-07,12399.4349,BIS
2022-08,12400.3328,BIS
2022-09,12621.1,BIS
2022-10,12804.84,BIS
2022-11,12904.77,BIS
2022-12,12931.24,BIS
2023-01,13461.15,BIS
2023-02,13492.58,BIS
2023-03,13814.9,BIS
2023-04,14057.79,BIS
2023-05,14304.02,BIS
2023-06,14390.33,BIS
2023-07,14797.27,BIS
2023-08,15015.61,BIS
2023-09,15088.67,BIS
2023-10,15196.63,BIS
2023-11,15322.0156,BIS
2023-12,15691.7852,BIS
2024-01,15924.9445,BIS
2024-02,16385.6,BIS
2024-03,16725.18,BIS
2024-04,16973.1937,BIS
2024-05,17320.72641429592,VPI-spliced
2024-06,17675.37499550769,VPI-spliced
2024-07,18037.28514376618,VPI-spliced
2024-08,18406.6055424689,VPI-spliced
2024-09,18783.487919363506,VPI-spliced
2024-10,19168.08710888204,VPI-spliced
2024-11,19560.56111575151,VPI-spliced
2024-12,19961.07117990687,VPI-spliced
2025-01,20388.46644680145,VPI-spliced
2025-02,20825.01286157371,VPI-spliced
2025-03,21132.086260686716,VPI-spliced
2025-04,21443.687583651175,VPI-spliced
2025-05,21759.883596570766,VPI-spliced
2025-06,22080.74205004292,VPI-spliced
2025-07,22382.11705527555,VPI-spliced
2025-08,22679.50214614304,VPI-spliced
2025-09,22980.8385116845,VPI-spliced
2025-10,23286.178651409933,VPI-spliced
2025-11,23595.575762375982,VPI-spliced
2025-12,23909.083748454137,VPI-spliced
2026-01,24178.79993139092,VPI-spliced
2026-02,24451.558757872845,VPI-spliced
2026-03,23008.916791158346,VPI-spliced
2026-04,22571.747372126338,VPI-spliced
2026-05,22300.88640366082,VPI-spliced
2026-06,22077.877539624213,VPI-spliced
2026-07,22011.64390700534,VPI-spliced
