FREQ,REF_AREA,COVERED_AREA,RE_TYPE,RE_VINTAGE,COMPILING_ORG,PRICED_UNIT,ADJUST_CODED,AVAILABILITY,BREAKS,COLLECTION_DETAIL,COVERAGE,DATA_COMP,DECIMALS,DOC_METHOD,MEASURE_DETAIL,META_UPDATE,PUBLICATIONS,TITLE_GRP,TITLE_GRP_COMPL,TITLE_GRP_NAT,UNIT_MEASURE,UNIT_MULT,COLLECTION,TIME_FORMAT,TIME_PERIOD,OBS_VALUE,OBS_CONF,OBS_PRE_BREAK,OBS_STATUS
M,AE,4,1,0,2,1,0,A,,Moving average of the corresponding month and the previous month.,New and existing apartments and villas.,Based on offer and transaction prices.,4,,Price per square meter,13/06/2024,REIDIN,"United Arab Emirates - Residential property prices, all dwellings, Dubai",,,AED,0,V,,2003-01,5382,F,,A
M,AE,4,1,0,2,1,0,A,,Moving average of the corresponding month and the previous month.,New and existing apartments and villas.,Based on offer and transaction prices.,4,,Price per square meter,13/06/2024,REIDIN,"United Arab Emirates - Residential property prices, all dwellings, Dubai",,,AED,0,V,,2003-02,5382,F,,A
M,AE,4,1,0,2,1,0,A,,Moving average of the corresponding month and the previous month.,New and existing apartments and villas.,Based on offer and transaction prices.,4,,Price per square meter,13/06/2024,REIDIN,"United Arab Emirates - Residential property prices, all dwellings, Dubai",,,AED,0,V,,2003-03,5404,F,,A
M,AE,4,1,0,2,1,0,A,,Moving average of the corresponding month and the previous month.,New and existing apartments and villas.,Based on offer and transaction prices.,4,,Price per square meter,13/06/2024,REIDIN,"United Arab Emirates - Residential property prices, all dwellings, Dubai",,,AED,0,V,,2003-04,5393,F,,A
M,AE,4,1,0,2,1,0,A,,Moving average of the corresponding month and the previous month.,New and existing apartments and villas.,Based on offer and transaction prices.,4,,Price per square meter,13/06/2024,REIDIN,"United Arab Emirates - Residential property prices, all dwellings, Dubai",,,AED,0,V,,2003-05,5349,F,,A
M,AE,4,1,0,2,1,0,A,,Moving average of the corresponding month and the previous month.,New and existing apartments and villas.,Based on offer and transaction prices.,4,,Price per square meter,13/06/2024,REIDIN,"United Arab Emirates - Residential property prices, all dwellings, Dubai",,,AED,0,V,,2003-06,5263,F,,A
M,AE,4,1,0,2,1,0,A,,Moving average of the corresponding month and the previous month.,New and existing apartments and villas.,Based on offer and transaction prices.,4,,Price per square meter,13/06/2024,REIDIN,"United Arab Emirates - Residential property prices, all dwellings, Dubai",,,AED,0,V,,2003-07,5145,F,,A
M,AE,4,1,0,2,1,0,A,,Moving average of the corresponding month and the previous month.,New and existing apartments and villas.,Based on offer and transaction prices.,4,,Price per square meter,13/06/2024,REIDIN,"United Arab Emirates - Residential property prices, all dwellings, Dubai",,,AED,0,V,,2003-08,5145,F,,A
M,AE,4,1,0,2,1,0,A,,Moving average of the corresponding month and the previous month.,New and existing apartments and villas.,Based on offer and transaction prices.,4,,Price per square meter,13/06/2024,REIDIN,"United Arab Emirates - Residential property prices, all dwellings, Dubai",,,AED,0,V,,2003-09,5166,F,,A
M,AE,4,1,0,2,1,0,A,,Moving average of the corresponding month and the previous month.,New and existing apartments and villas.,Based on offer and transaction prices.,4,,Price per square meter,13/06/2024,REIDIN,"United Arab Emirates - Residential property prices, all dwellings, Dubai",,,AED,0,V,,2003-10,5243,F,,A
M,AE,4,1,0,2,1,0,A,,Moving average of the corresponding month and the previous month.,New and existing apartments and villas.,Based on offer and transaction prices.,4,,Price per square meter,13/06/2024,REIDIN,"United Arab Emirates - Residential property prices, all dwellings, Dubai",,,AED,0,V,,2003-11,5318,F,,A
M,AE,4,1,0,2,1,0,A,,Moving average of the corresponding month and the previous month.,New and existing apartments and villas.,Based on offer and transaction prices.,4,,Price per square meter,13/06/2024,REIDIN,"United Arab Emirates - Residential property prices, all dwellings, Dubai",,,AED,0,V,,2003-12,5350,F,,A
M,AE,4,1,0,2,1,0,A,,Moving average of the corresponding month and the previous month.,New and existing apartments and villas.,Based on offer and transaction prices.,4,,Price per square meter,13/06/2024,REIDIN,"United Arab Emirates - Residential property prices, all dwellings, Dubai",,,AED,0,V,,2004-01,5521,F,,A
M,AE,4,1,0,2,1,0,A,,Moving average of the corresponding month and the previous month.,New and existing apartments and villas.,Based on offer and transaction prices.,4,,Price per square meter,13/06/2024,REIDIN,"United Arab Emirates - Residential property prices, all dwellings, Dubai",,,AED,0,V,,2004-02,5974,F,,A
M,AE,4,1,0,2,1,0,A,,Moving average of the corresponding month and the previous month.,New and existing apartments and villas.,Based on offer and transaction prices.,4,,Price per square meter,13/06/2024,REIDIN,"United Arab Emirates - Residential property prices, all dwellings, Dubai",,,AED,0,V,,2004-03,6038,F,,A
M,AE,4,1,0,2,1,0,A,,Moving average of the corresponding month and the previous month.,New and existing apartments and villas.,Based on offer and transaction prices.,4,,Price per square meter,13/06/2024,REIDIN,"United Arab Emirates - Residential property prices, all dwellings, Dubai",,,AED,0,V,,2004-04,6082,F,,A
M,AE,4,1,0,2,1,0,A,,Moving average of the corresponding month and the previous month.,New and existing apartments and villas.,Based on offer and transaction prices.,4,,Price per square meter,13/06/2024,REIDIN,"United Arab Emirates - Residential property prices, all dwellings, Dubai",,,AED,0,V,,2004-05,6146,F,,A
M,AE,4,1,0,2,1,0,A,,Moving average of the corresponding month and the previous month.,New and existing apartments and villas.,Based on offer and transaction prices.,4,,Price per square meter,13/06/2024,REIDIN,"United Arab Emirates - Residential property prices, all dwellings, Dubai",,,AED,0,V,,2004-06,6276,F,,A
M,AE,4,1,0,2,1,0,A,,Moving average of the corresponding month and the previous month.,New and existing apartments and villas.,Based on offer and transaction prices.,4,,Price per square meter,13/06/2024,REIDIN,"United Arab Emirates - Residential property prices, all dwellings, Dubai",,,AED,0,V,,2004-07,6362,F,,A
M,AE,4,1,0,2,1,0,A,,Moving average of the corresponding month and the previous month.,New and existing apartments and villas.,Based on offer and transaction prices.,4,,Price per square meter,13/06/2024,REIDIN,"United Arab Emirates - Residential property prices, all dwellings, Dubai",,,AED,0,V,,2004-08,6371,F,,A
M,AE,4,1,0,2,1,0,A,,Moving average of the corresponding month and the previous month.,New and existing apartments and villas.,Based on offer and transaction prices.,4,,Price per square meter,13/06/2024,REIDIN,"United Arab Emirates - Residential property prices, all dwellings, Dubai",,,AED,0,V,,2004-09,6448,F,,A
M,AE,4,1,0,2,1,0,A,,Moving average of the corresponding month and the previous month.,New and existing apartments and villas.,Based on offer and transaction prices.,4,,Price per square meter,13/06/2024,REIDIN,"United Arab Emirates - Residential property prices, all dwellings, Dubai",,,AED,0,V,,2004-10,6577,F,,A
M,AE,4,1,0,2,1,0,A,,Moving average of the corresponding month and the previous month.,New and existing apartments and villas.,Based on offer and transaction prices.,4,,Price per square meter,13/06/2024,REIDIN,"United Arab Emirates - Residential property prices, all dwellings, Dubai",,,AED,0,V,,2004-11,6954,F,,A
M,AE,4,1,0,2,1,0,A,,Moving average of the corresponding month and the previous month.,New and existing apartments and villas.,Based on offer and transaction prices.,4,,Price per square meter,13/06/2024,REIDIN,"United Arab Emirates - Residential property prices, all dwellings, Dubai",,,AED,0,V,,2004-12,6587,F,,A
M,AE,4,1,0,2,1,0,A,,Moving average of the corresponding month and the previous month.,New and existing apartments and villas.,Based on offer and transaction prices.,4,,Price per square meter,13/06/2024,REIDIN,"United Arab Emirates - Residential property prices, all dwellings, Dubai",,,AED,0,V,,2005-01,6674,F,,A
M,AE,4,1,0,2,1,0,A,,Moving average of the corresponding month and the previous month.,New and existing apartments and villas.,Based on offer and transaction prices.,4,,Price per square meter,13/06/2024,REIDIN,"United Arab Emirates - Residential property prices, all dwellings, Dubai",,,AED,0,V,,2005-02,6835,F,,A
M,AE,4,1,0,2,1,0,A,,Moving average of the corresponding month and the previous month.,New and existing apartments and villas.,Based on offer and transaction prices.,4,,Price per square meter,13/06/2024,REIDIN,"United Arab Emirates - Residential property prices, all dwellings, Dubai",,,AED,0,V,,2005-03,6813,F,,A
M,AE,4,1,0,2,1,0,A,,Moving average of the corresponding month and the previous month.,New and existing apartments and villas.,Based on offer and transaction prices.,4,,Price per square meter,13/06/2024,REIDIN,"United Arab Emirates - Residential property prices, all dwellings, Dubai",,,AED,0,V,,2005-04,6803,F,,A
M,AE,4,1,0,2,1,0,A,,Moving average of the corresponding month and the previous month.,New and existing apartments and villas.,Based on offer and transaction prices.,4,,Price per square meter,13/06/2024,REIDIN,"United Arab Emirates - Residential property prices, all dwellings, Dubai",,,AED,0,V,,2005-05,6856,F,,A
M,AE,4,1,0,2,1,0,A,,Moving average of the corresponding month and the previous month.,New and existing apartments and villas.,Based on offer and transaction prices.,4,,Price per square meter,13/06/2024,REIDIN,"United Arab Emirates - Residential property prices, all dwellings, Dubai",,,AED,0,V,,2005-06,6932,F,,A
M,AE,4,1,0,2,1,0,A,,Moving average of the corresponding month and the previous month.,New and existing apartments and villas.,Based on offer and transaction prices.,4,,Price per square meter,13/06/2024,REIDIN,"United Arab Emirates - Residential property prices, all dwellings, Dubai",,,AED,0,V,,2005-07,6964,F,,A
M,AE,4,1,0,2,1,0,A,,Moving average of the corresponding month and the previous month.,New and existing apartments and villas.,Based on offer and transaction prices.,4,,Price per square meter,13/06/2024,REIDIN,"United Arab Emirates - Residential property prices, all dwellings, Dubai",,,AED,0,V,,2005-08,6985,F,,A
M,AE,4,1,0,2,1,0,A,,Moving average of the corresponding month and the previous month.,New and existing apartments and villas.,Based on offer and transaction prices.,4,,Price per square meter,13/06/2024,REIDIN,"United Arab Emirates - Residential property prices, all dwellings, Dubai",,,AED,0,V,,2005-09,7019,F,,A
M,AE,4,1,0,2,1,0,A,,Moving average of the corresponding month and the previous month.,New and existing apartments and villas.,Based on offer and transaction prices.,4,,Price per square meter,13/06/2024,REIDIN,"United Arab Emirates - Residential property prices, all dwellings, Dubai",,,AED,0,V,,2005-10,7050,F,,A
M,AE,4,1,0,2,1,0,A,,Moving average of the corresponding month and the previous month.,New and existing apartments and villas.,Based on offer and transaction prices.,4,,Price per square meter,13/06/2024,REIDIN,"United Arab Emirates - Residential property prices, all dwellings, Dubai",,,AED,0,V,,2005-11,7040,F,,A
M,AE,4,1,0,2,1,0,A,,Moving average of the corresponding month and the previous month.,New and existing apartments and villas.,Based on offer and transaction prices.,4,,Price per square meter,13/06/2024,REIDIN,"United Arab Emirates - Residential property prices, all dwellings, Dubai",,,AED,0,V,,2005-12,7051,F,,A
M,AE,4,1,0,2,1,0,A,,Moving average of the corresponding month and the previous month.,New and existing apartments and villas.,Based on offer and transaction prices.,4,,Price per square meter,13/06/2024,REIDIN,"United Arab Emirates - Residential property prices, all dwellings, Dubai",,,AED,0,V,,2006-01,7620,F,,A
M,AE,4,1,0,2,1,0,A,,Moving average of the corresponding month and the previous month.,New and existing apartments and villas.,Based on offer and transaction prices.,4,,Price per square meter,13/06/2024,REIDIN,"United Arab Emirates - Residential property prices, all dwellings, Dubai",,,AED,0,V,,2006-02,7740,F,,A
M,AE,4,1,0,2,1,0,A,,Moving average of the corresponding month and the previous month.,New and existing apartments and villas.,Based on offer and transaction prices.,4,,Price per square meter,13/06/2024,REIDIN,"United Arab Emirates - Residential property prices, all dwellings, Dubai",,,AED,0,V,,2006-03,7557,F,,A
M,AE,4,1,0,2,1,0,A,,Moving average of the corresponding month and the previous month.,New and existing apartments and villas.,Based on offer and transaction prices.,4,,Price per square meter,13/06/2024,REIDIN,"United Arab Emirates - Residential property prices, all dwellings, Dubai",,,AED,0,V,,2006-04,7566,F,,A
M,AE,4,1,0,2,1,0,A,,Moving average of the corresponding month and the previous month.,New and existing apartments and villas.,Based on offer and transaction prices.,4,,Price per square meter,13/06/2024,REIDIN,"United Arab Emirates - Residential property prices, all dwellings, Dubai",,,AED,0,V,,2006-05,8008,F,,A
M,AE,4,1,0,2,1,0,A,,Moving average of the corresponding month and the previous month.,New and existing apartments and villas.,Based on offer and transaction prices.,4,,Price per square meter,13/06/2024,REIDIN,"United Arab Emirates - Residential property prices, all dwellings, Dubai",,,AED,0,V,,2006-06,7868,F,,A
M,AE,4,1,0,2,1,0,A,,Moving average of the corresponding month and the previous month.,New and existing apartments and villas.,Based on offer and transaction prices.,4,,Price per square meter,13/06/2024,REIDIN,"United Arab Emirates - Residential property prices, all dwellings, Dubai",,,AED,0,V,,2006-07,8493,F,,A
M,AE,4,1,0,2,1,0,A,,Moving average of the corresponding month and the previous month.,New and existing apartments and villas.,Based on offer and transaction prices.,4,,Price per square meter,13/06/2024,REIDIN,"United Arab Emirates - Residential property prices, all dwellings, Dubai",,,AED,0,V,,2006-08,8353,F,,A
M,AE,4,1,0,2,1,0,A,,Moving average of the corresponding month and the previous month.,New and existing apartments and villas.,Based on offer and transaction prices.,4,,Price per square meter,13/06/2024,REIDIN,"United Arab Emirates - Residential property prices, all dwellings, Dubai",,,AED,0,V,,2006-09,8708,F,,A
M,AE,4,1,0,2,1,0,A,,Moving average of the corresponding month and the previous month.,New and existing apartments and villas.,Based on offer and transaction prices.,4,,Price per square meter,13/06/2024,REIDIN,"United Arab Emirates - Residential property prices, all dwellings, Dubai",,,AED,0,V,,2006-10,8310,F,,A
M,AE,4,1,0,2,1,0,A,,Moving average of the corresponding month and the previous month.,New and existing apartments and villas.,Based on offer and transaction prices.,4,,Price per square meter,13/06/2024,REIDIN,"United Arab Emirates - Residential property prices, all dwellings, Dubai",,,AED,0,V,,2006-11,8632,F,,A
M,AE,4,1,0,2,1,0,A,,Moving average of the corresponding month and the previous month.,New and existing apartments and villas.,Based on offer and transaction prices.,4,,Price per square meter,13/06/2024,REIDIN,"United Arab Emirates - Residential property prices, all dwellings, Dubai",,,AED,0,V,,2006-12,8492,F,,A
M,AE,4,1,0,2,1,0,A,,Moving average of the corresponding month and the previous month.,New and existing apartments and villas.,Based on offer and transaction prices.,4,,Price per square meter,13/06/2024,REIDIN,"United Arab Emirates - Residential property prices, all dwellings, Dubai",,,AED,0,V,,2007-01,9257,F,,A
M,AE,4,1,0,2,1,0,A,,Moving average of the corresponding month and the previous month.,New and existing apartments and villas.,Based on offer and transaction prices.,4,,Price per square meter,13/06/2024,REIDIN,"United Arab Emirates - Residential property prices, all dwellings, Dubai",,,AED,0,V,,2007-02,9224,F,,A
M,AE,4,1,0,2,1,0,A,,Moving average of the corresponding month and the previous month.,New and existing apartments and villas.,Based on offer and transaction prices.,4,,Price per square meter,13/06/2024,REIDIN,"United Arab Emirates - Residential property prices, all dwellings, Dubai",,,AED,0,V,,2007-03,9376,F,,A
M,AE,4,1,0,2,1,0,A,,Moving average of the corresponding month and the previous month.,New and existing apartments and villas.,Based on offer and transaction prices.,4,,Price per square meter,13/06/2024,REIDIN,"United Arab Emirates - Residential property prices, all dwellings, Dubai",,,AED,0,V,,2007-04,9558,F,,A
M,AE,4,1,0,2,1,0,A,,Moving average of the corresponding month and the previous month.,New and existing apartments and villas.,Based on offer and transaction prices.,4,,Price per square meter,13/06/2024,REIDIN,"United Arab Emirates - Residential property prices, all dwellings, Dubai",,,AED,0,V,,2007-05,9774,F,,A
M,AE,4,1,0,2,1,0,A,,Moving average of the corresponding month and the previous month.,New and existing apartments and villas.,Based on offer and transaction prices.,4,,Price per square meter,13/06/2024,REIDIN,"United Arab Emirates - Residential property prices, all dwellings, Dubai",,,AED,0,V,,2007-06,10010,F,,A
M,AE,4,1,0,2,1,0,A,,Moving average of the corresponding month and the previous month.,New and existing apartments and villas.,Based on offer and transaction prices.,4,,Price per square meter,13/06/2024,REIDIN,"United Arab Emirates - Residential property prices, all dwellings, Dubai",,,AED,0,V,,2007-07,10355,F,,A
M,AE,4,1,0,2,1,0,A,,Moving average of the corresponding month and the previous month.,New and existing apartments and villas.,Based on offer and transaction prices.,4,,Price per square meter,13/06/2024,REIDIN,"United Arab Emirates - Residential property prices, all dwellings, Dubai",,,AED,0,V,,2007-08,10699,F,,A
M,AE,4,1,0,2,1,0,A,,Moving average of the corresponding month and the previous month.,New and existing apartments and villas.,Based on offer and transaction prices.,4,,Price per square meter,13/06/2024,REIDIN,"United Arab Emirates - Residential property prices, all dwellings, Dubai",,,AED,0,V,,2007-09,10969,F,,A
M,AE,4,1,0,2,1,0,A,,Moving average of the corresponding month and the previous month.,New and existing apartments and villas.,Based on offer and transaction prices.,4,,Price per square meter,13/06/2024,REIDIN,"United Arab Emirates - Residential property prices, all dwellings, Dubai",,,AED,0,V,,2007-10,11366,F,,A
M,AE,4,1,0,2,1,0,A,,Moving average of the corresponding month and the previous month.,New and existing apartments and villas.,Based on offer and transaction prices.,4,,Price per square meter,13/06/2024,REIDIN,"United Arab Emirates - Residential property prices, all dwellings, Dubai",,,AED,0,V,,2007-11,11712,F,,A
M,AE,4,1,0,2,1,0,A,,Moving average of the corresponding month and the previous month.,New and existing apartments and villas.,Based on offer and transaction prices.,4,,Price per square meter,13/06/2024,REIDIN,"United Arab Emirates - Residential property prices, all dwellings, Dubai",,,AED,0,V,,2007-12,12099,F,,A
M,AE,4,1,0,2,1,0,A,,Moving average of the corresponding month and the previous month.,New and existing apartments and villas.,Based on offer and transaction prices.,4,,Price per square meter,13/06/2024,REIDIN,"United Arab Emirates - Residential property prices, all dwellings, Dubai",,,AED,0,V,,2008-01,12507,F,,A
M,AE,4,1,0,2,1,0,A,,Moving average of the corresponding month and the previous month.,New and existing apartments and villas.,Based on offer and transaction prices.,4,,Price per square meter,13/06/2024,REIDIN,"United Arab Emirates - Residential property prices, all dwellings, Dubai",,,AED,0,V,,2008-02,12830,F,,A
M,AE,4,1,0,2,1,0,A,,Moving average of the corresponding month and the previous month.,New and existing apartments and villas.,Based on offer and transaction prices.,4,,Price per square meter,13/06/2024,REIDIN,"United Arab Emirates - Residential property prices, all dwellings, Dubai",,,AED,0,V,,2008-03,13165,F,,A
M,AE,4,1,0,2,1,0,A,,Moving average of the corresponding month and the previous month.,New and existing apartments and villas.,Based on offer and transaction prices.,4,,Price per square meter,13/06/2024,REIDIN,"United Arab Emirates - Residential property prices, all dwellings, Dubai",,,AED,0,V,,2008-04,13466,F,,A
M,AE,4,1,0,2,1,0,A,,Moving average of the corresponding month and the previous month.,New and existing apartments and villas.,Based on offer and transaction prices.,4,,Price per square meter,13/06/2024,REIDIN,"United Arab Emirates - Residential property prices, all dwellings, Dubai",,,AED,0,V,,2008-05,13789,F,,A
M,AE,4,1,0,2,1,0,A,,Moving average of the corresponding month and the previous month.,New and existing apartments and villas.,Based on offer and transaction prices.,4,,Price per square meter,13/06/2024,REIDIN,"United Arab Emirates - Residential property prices, all dwellings, Dubai",,,AED,0,V,,2008-06,14004,F,,A
M,AE,4,1,0,2,1,0,A,,Moving average of the corresponding month and the previous month.,New and existing apartments and villas.,Based on offer and transaction prices.,4,,Price per square meter,13/06/2024,REIDIN,"United Arab Emirates - Residential property prices, all dwellings, Dubai",,,AED,0,V,,2008-07,14209,F,,A
M,AE,4,1,0,2,1,0,A,,Moving average of the corresponding month and the previous month.,New and existing apartments and villas.,Based on offer and transaction prices.,4,,Price per square meter,13/06/2024,REIDIN,"United Arab Emirates - Residential property prices, all dwellings, Dubai",,,AED,0,V,,2008-08,14208,F,,A
M,AE,4,1,0,2,1,0,A,,Moving average of the corresponding month and the previous month.,New and existing apartments and villas.,Based on offer and transaction prices.,4,,Price per square meter,13/06/2024,REIDIN,"United Arab Emirates - Residential property prices, all dwellings, Dubai",,,AED,0,V,,2008-09,13746,F,,A
M,AE,4,1,0,2,1,0,A,,Moving average of the corresponding month and the previous month.,New and existing apartments and villas.,Based on offer and transaction prices.,4,,Price per square meter,13/06/2024,REIDIN,"United Arab Emirates - Residential property prices, all dwellings, Dubai",,,AED,0,V,,2008-10,13250,F,,A
M,AE,4,1,0,2,1,0,A,,Moving average of the corresponding month and the previous month.,New and existing apartments and villas.,Based on offer and transaction prices.,4,,Price per square meter,13/06/2024,REIDIN,"United Arab Emirates - Residential property prices, all dwellings, Dubai",,,AED,0,V,,2008-11,12874,F,,A
M,AE,4,1,0,2,1,0,A,,Moving average of the corresponding month and the previous month.,New and existing apartments and villas.,Based on offer and transaction prices.,4,,Price per square meter,13/06/2024,REIDIN,"United Arab Emirates - Residential property prices, all dwellings, Dubai",,,AED,0,V,,2008-12,12411,F,,A
M,AE,4,1,0,2,1,0,A,,Moving average of the corresponding month and the previous month.,New and existing apartments and villas.,Based on offer and transaction prices.,4,,Price per square meter,13/06/2024,REIDIN,"United Arab Emirates - Residential property prices, all dwellings, Dubai",,,AED,0,V,,2009-01,11958,F,,A
M,AE,4,1,0,2,1,0,A,,Moving average of the corresponding month and the previous month.,New and existing apartments and villas.,Based on offer and transaction prices.,4,,Price per square meter,13/06/2024,REIDIN,"United Arab Emirates - Residential property prices, all dwellings, Dubai",,,AED,0,V,,2009-02,11615,F,,A
M,AE,4,1,0,2,1,0,A,,Moving average of the corresponding month and the previous month.,New and existing apartments and villas.,Based on offer and transaction prices.,4,,Price per square meter,13/06/2024,REIDIN,"United Arab Emirates - Residential property prices, all dwellings, Dubai",,,AED,0,V,,2009-03,11334,F,,A
M,AE,4,1,0,2,1,0,A,,Moving average of the corresponding month and the previous month.,New and existing apartments and villas.,Based on offer and transaction prices.,4,,Price per square meter,13/06/2024,REIDIN,"United Arab Emirates - Residential property prices, all dwellings, Dubai",,,AED,0,V,,2009-04,11066,F,,A
M,AE,4,1,0,2,1,0,A,,Moving average of the corresponding month and the previous month.,New and existing apartments and villas.,Based on offer and transaction prices.,4,,Price per square meter,13/06/2024,REIDIN,"United Arab Emirates - Residential property prices, all dwellings, Dubai",,,AED,0,V,,2009-05,10829,F,,A
M,AE,4,1,0,2,1,0,A,,Moving average of the corresponding month and the previous month.,New and existing apartments and villas.,Based on offer and transaction prices.,4,,Price per square meter,13/06/2024,REIDIN,"United Arab Emirates - Residential property prices, all dwellings, Dubai",,,AED,0,V,,2009-06,10666,F,,A
M,AE,4,1,0,2,1,0,A,,Moving average of the corresponding month and the previous month.,New and existing apartments and villas.,Based on offer and transaction prices.,4,,Price per square meter,13/06/2024,REIDIN,"United Arab Emirates - Residential property prices, all dwellings, Dubai",,,AED,0,V,,2009-07,10516,F,,A
M,AE,4,1,0,2,1,0,A,,Moving average of the corresponding month and the previous month.,New and existing apartments and villas.,Based on offer and transaction prices.,4,,Price per square meter,13/06/2024,REIDIN,"United Arab Emirates - Residential property prices, all dwellings, Dubai",,,AED,0,V,,2009-08,10419,F,,A
M,AE,4,1,0,2,1,0,A,,Moving average of the corresponding month and the previous month.,New and existing apartments and villas.,Based on offer and transaction prices.,4,,Price per square meter,13/06/2024,REIDIN,"United Arab Emirates - Residential property prices, all dwellings, Dubai",,,AED,0,V,,2009-09,10387,F,,A
M,AE,4,1,0,2,1,0,A,,Moving average of the corresponding month and the previous month.,New and existing apartments and villas.,Based on offer and transaction prices.,4,,Price per square meter,13/06/2024,REIDIN,"United Arab Emirates - Residential property prices, all dwellings, Dubai",,,AED,0,V,,2009-10,10345,F,,A
M,AE,4,1,0,2,1,0,A,,Moving average of the corresponding month and the previous month.,New and existing apartments and villas.,Based on offer and transaction prices.,4,,Price per square meter,13/06/2024,REIDIN,"United Arab Emirates - Residential property prices, all dwellings, Dubai",,,AED,0,V,,2009-11,10301,F,,A
M,AE,4,1,0,2,1,0,A,,Moving average of the corresponding month and the previous month.,New and existing apartments and villas.,Based on offer and transaction prices.,4,,Price per square meter,13/06/2024,REIDIN,"United Arab Emirates - Residential property prices, all dwellings, Dubai",,,AED,0,V,,2009-12,10247,F,,A
M,AE,4,1,0,2,1,0,A,,Moving average of the corresponding month and the previous month.,New and existing apartments and villas.,Based on offer and transaction prices.,4,,Price per square meter,13/06/2024,REIDIN,"United Arab Emirates - Residential property prices, all dwellings, Dubai",,,AED,0,V,,2010-01,9935,F,,A
M,AE,4,1,0,2,1,0,A,,Moving average of the corresponding month and the previous month.,New and existing apartments and villas.,Based on offer and transaction prices.,4,,Price per square meter,13/06/2024,REIDIN,"United Arab Emirates - Residential property prices, all dwellings, Dubai",,,AED,0,V,,2010-02,9796,F,,A
M,AE,4,1,0,2,1,0,A,,Moving average of the corresponding month and the previous month.,New and existing apartments and villas.,Based on offer and transaction prices.,4,,Price per square meter,13/06/2024,REIDIN,"United Arab Emirates - Residential property prices, all dwellings, Dubai",,,AED,0,V,,2010-03,9655,F,,A
M,AE,4,1,0,2,1,0,A,,Moving average of the corresponding month and the previous month.,New and existing apartments and villas.,Based on offer and transaction prices.,4,,Price per square meter,13/06/2024,REIDIN,"United Arab Emirates - Residential property prices, all dwellings, Dubai",,,AED,0,V,,2010-04,9612,F,,A
M,AE,4,1,0,2,1,0,A,,Moving average of the corresponding month and the previous month.,New and existing apartments and villas.,Based on offer and transaction prices.,4,,Price per square meter,13/06/2024,REIDIN,"United Arab Emirates - Residential property prices, all dwellings, Dubai",,,AED,0,V,,2010-05,9407,F,,A
M,AE,4,1,0,2,1,0,A,,Moving average of the corresponding month and the previous month.,New and existing apartments and villas.,Based on offer and transaction prices.,4,,Price per square meter,13/06/2024,REIDIN,"United Arab Emirates - Residential property prices, all dwellings, Dubai",,,AED,0,V,,2010-06,9364,F,,A
M,AE,4,1,0,2,1,0,A,,Moving average of the corresponding month and the previous month.,New and existing apartments and villas.,Based on offer and transaction prices.,4,,Price per square meter,13/06/2024,REIDIN,"United Arab Emirates - Residential property prices, all dwellings, Dubai",,,AED,0,V,,2010-07,9225,F,,A
M,AE,4,1,0,2,1,0,A,,Moving average of the corresponding month and the previous month.,New and existing apartments and villas.,Based on offer and transaction prices.,4,,Price per square meter,13/06/2024,REIDIN,"United Arab Emirates - Residential property prices, all dwellings, Dubai",,,AED,0,V,,2010-08,9149,F,,A
M,AE,4,1,0,2,1,0,A,,Moving average of the corresponding month and the previous month.,New and existing apartments and villas.,Based on offer and transaction prices.,4,,Price per square meter,13/06/2024,REIDIN,"United Arab Emirates - Residential property prices, all dwellings, Dubai",,,AED,0,V,,2010-09,9096,F,,A
M,AE,4,1,0,2,1,0,A,,Moving average of the corresponding month and the previous month.,New and existing apartments and villas.,Based on offer and transaction prices.,4,,Price per square meter,13/06/2024,REIDIN,"United Arab Emirates - Residential property prices, all dwellings, Dubai",,,AED,0,V,,2010-10,9021,F,,A
M,AE,4,1,0,2,1,0,A,,Moving average of the corresponding month and the previous month.,New and existing apartments and villas.,Based on offer and transaction prices.,4,,Price per square meter,13/06/2024,REIDIN,"United Arab Emirates - Residential property prices, all dwellings, Dubai",,,AED,0,V,,2010-11,8944,F,,A
M,AE,4,1,0,2,1,0,A,,Moving average of the corresponding month and the previous month.,New and existing apartments and villas.,Based on offer and transaction prices.,4,,Price per square meter,13/06/2024,REIDIN,"United Arab Emirates - Residential property prices, all dwellings, Dubai",,,AED,0,V,,2010-12,8892,F,,A
M,AE,4,1,0,2,1,0,A,,Moving average of the corresponding month and the previous month.,New and existing apartments and villas.,Based on offer and transaction prices.,4,,Price per square meter,13/06/2024,REIDIN,"United Arab Emirates - Residential property prices, all dwellings, Dubai",,,AED,0,V,,2011-01,8934,F,,A
M,AE,4,1,0,2,1,0,A,,Moving average of the corresponding month and the previous month.,New and existing apartments and villas.,Based on offer and transaction prices.,4,,Price per square meter,13/06/2024,REIDIN,"United Arab Emirates - Residential property prices, all dwellings, Dubai",,,AED,0,V,,2011-02,8967,F,,A
M,AE,4,1,0,2,1,0,A,,Moving average of the corresponding month and the previous month.,New and existing apartments and villas.,Based on offer and transaction prices.,4,,Price per square meter,13/06/2024,REIDIN,"United Arab Emirates - Residential property prices, all dwellings, Dubai",,,AED,0,V,,2011-03,9020,F,,A
M,AE,4,1,0,2,1,0,A,,Moving average of the corresponding month and the previous month.,New and existing apartments and villas.,Based on offer and transaction prices.,4,,Price per square meter,13/06/2024,REIDIN,"United Arab Emirates - Residential property prices, all dwellings, Dubai",,,AED,0,V,,2011-04,9010,F,,A
M,AE,4,1,0,2,1,0,A,,Moving average of the corresponding month and the previous month.,New and existing apartments and villas.,Based on offer and transaction prices.,4,,Price per square meter,13/06/2024,REIDIN,"United Arab Emirates - Residential property prices, all dwellings, Dubai",,,AED,0,V,,2011-05,8933,F,,A
M,AE,4,1,0,2,1,0,A,,Moving average of the corresponding month and the previous month.,New and existing apartments and villas.,Based on offer and transaction prices.,4,,Price per square meter,13/06/2024,REIDIN,"United Arab Emirates - Residential property prices, all dwellings, Dubai",,,AED,0,V,,2011-06,9010,F,,A
M,AE,4,1,0,2,1,0,A,,Moving average of the corresponding month and the previous month.,New and existing apartments and villas.,Based on offer and transaction prices.,4,,Price per square meter,13/06/2024,REIDIN,"United Arab Emirates - Residential property prices, all dwellings, Dubai",,,AED,0,V,,2011-07,9096,F,,A
M,AE,4,1,0,2,1,0,A,,Moving average of the corresponding month and the previous month.,New and existing apartments and villas.,Based on offer and transaction prices.,4,,Price per square meter,13/06/2024,REIDIN,"United Arab Emirates - Residential property prices, all dwellings, Dubai",,,AED,0,V,,2011-08,9128,F,,A
M,AE,4,1,0,2,1,0,A,,Moving average of the corresponding month and the previous month.,New and existing apartments and villas.,Based on offer and transaction prices.,4,,Price per square meter,13/06/2024,REIDIN,"United Arab Emirates - Residential property prices, all dwellings, Dubai",,,AED,0,V,,2011-09,9193,F,,A
M,AE,4,1,0,2,1,0,A,,Moving average of the corresponding month and the previous month.,New and existing apartments and villas.,Based on offer and transaction prices.,4,,Price per square meter,13/06/2024,REIDIN,"United Arab Emirates - Residential property prices, all dwellings, Dubai",,,AED,0,V,,2011-10,9225,F,,A
M,AE,4,1,0,2,1,0,A,,Moving average of the corresponding month and the previous month.,New and existing apartments and villas.,Based on offer and transaction prices.,4,,Price per square meter,13/06/2024,REIDIN,"United Arab Emirates - Residential property prices, all dwellings, Dubai",,,AED,0,V,,2011-11,9374,F,,A
M,AE,4,1,0,2,1,0,A,,Moving average of the corresponding month and the previous month.,New and existing apartments and villas.,Based on offer and transaction prices.,4,,Price per square meter,13/06/2024,REIDIN,"United Arab Emirates - Residential property prices, all dwellings, Dubai",,,AED,0,V,,2011-12,9452,F,,A
M,AE,4,1,0,2,1,0,A,,Moving average of the corresponding month and the previous month.,New and existing apartments and villas.,Based on offer and transaction prices.,4,,Price per square meter,13/06/2024,REIDIN,"United Arab Emirates - Residential property prices, all dwellings, Dubai",,,AED,0,V,,2012-01,9407,F,,A
M,AE,4,1,0,2,1,0,A,,Moving average of the corresponding month and the previous month.,New and existing apartments and villas.,Based on offer and transaction prices.,4,,Price per square meter,13/06/2024,REIDIN,"United Arab Emirates - Residential property prices, all dwellings, Dubai",,,AED,0,V,,2012-02,9472,F,,A
M,AE,4,1,0,2,1,0,A,,Moving average of the corresponding month and the previous month.,New and existing apartments and villas.,Based on offer and transaction prices.,4,,Price per square meter,13/06/2024,REIDIN,"United Arab Emirates - Residential property prices, all dwellings, Dubai",,,AED,0,V,,2012-03,9645,F,,A
M,AE,4,1,0,2,1,0,A,,Moving average of the corresponding month and the previous month.,New and existing apartments and villas.,Based on offer and transaction prices.,4,,Price per square meter,13/06/2024,REIDIN,"United Arab Emirates - Residential property prices, all dwellings, Dubai",,,AED,0,V,,2012-04,9859,F,,A
M,AE,4,1,0,2,1,0,A,,Moving average of the corresponding month and the previous month.,New and existing apartments and villas.,Based on offer and transaction prices.,4,,Price per square meter,13/06/2024,REIDIN,"United Arab Emirates - Residential property prices, all dwellings, Dubai",,,AED,0,V,,2012-05,10000,F,,A
M,AE,4,1,0,2,1,0,A,,Moving average of the corresponding month and the previous month.,New and existing apartments and villas.,Based on offer and transaction prices.,4,,Price per square meter,13/06/2024,REIDIN,"United Arab Emirates - Residential property prices, all dwellings, Dubai",,,AED,0,V,,2012-06,10193,F,,A
M,AE,4,1,0,2,1,0,A,,Moving average of the corresponding month and the previous month.,New and existing apartments and villas.,Based on offer and transaction prices.,4,,Price per square meter,13/06/2024,REIDIN,"United Arab Emirates - Residential property prices, all dwellings, Dubai",,,AED,0,V,,2012-07,10259,F,,A
M,AE,4,1,0,2,1,0,A,,Moving average of the corresponding month and the previous month.,New and existing apartments and villas.,Based on offer and transaction prices.,4,,Price per square meter,13/06/2024,REIDIN,"United Arab Emirates - Residential property prices, all dwellings, Dubai",,,AED,0,V,,2012-08,10420,F,,A
M,AE,4,1,0,2,1,0,A,,Moving average of the corresponding month and the previous month.,New and existing apartments and villas.,Based on offer and transaction prices.,4,,Price per square meter,13/06/2024,REIDIN,"United Arab Emirates - Residential property prices, all dwellings, Dubai",,,AED,0,V,,2012-09,10602,F,,A
M,AE,4,1,0,2,1,0,A,,Moving average of the corresponding month and the previous month.,New and existing apartments and villas.,Based on offer and transaction prices.,4,,Price per square meter,13/06/2024,REIDIN,"United Arab Emirates - Residential property prices, all dwellings, Dubai",,,AED,0,V,,2012-10,10807,F,,A
M,AE,4,1,0,2,1,0,A,,Moving average of the corresponding month and the previous month.,New and existing apartments and villas.,Based on offer and transaction prices.,4,,Price per square meter,13/06/2024,REIDIN,"United Arab Emirates - Residential property prices, all dwellings, Dubai",,,AED,0,V,,2012-11,10946,F,,A
M,AE,4,1,0,2,1,0,A,,Moving average of the corresponding month and the previous month.,New and existing apartments and villas.,Based on offer and transaction prices.,4,,Price per square meter,13/06/2024,REIDIN,"United Arab Emirates - Residential property prices, all dwellings, Dubai",,,AED,0,V,,2012-12,11109,F,,A
M,AE,4,1,0,2,1,0,A,,Moving average of the corresponding month and the previous month.,New and existing apartments and villas.,Based on offer and transaction prices.,4,,Price per square meter,13/06/2024,REIDIN,"United Arab Emirates - Residential property prices, all dwellings, Dubai",,,AED,0,V,,2013-01,10973,F,,A
M,AE,4,1,0,2,1,0,A,,Moving average of the corresponding month and the previous month.,New and existing apartments and villas.,Based on offer and transaction prices.,4,,Price per square meter,13/06/2024,REIDIN,"United Arab Emirates - Residential property prices, all dwellings, Dubai",,,AED,0,V,,2013-02,11204,F,,A
M,AE,4,1,0,2,1,0,A,,Moving average of the corresponding month and the previous month.,New and existing apartments and villas.,Based on offer and transaction prices.,4,,Price per square meter,13/06/2024,REIDIN,"United Arab Emirates - Residential property prices, all dwellings, Dubai",,,AED,0,V,,2013-03,11192,F,,A
M,AE,4,1,0,2,1,0,A,,Moving average of the corresponding month and the previous month.,New and existing apartments and villas.,Based on offer and transaction prices.,4,,Price per square meter,13/06/2024,REIDIN,"United Arab Emirates - Residential property prices, all dwellings, Dubai",,,AED,0,V,,2013-04,11285,F,,A
M,AE,4,1,0,2,1,0,A,,Moving average of the corresponding month and the previous month.,New and existing apartments and villas.,Based on offer and transaction prices.,4,,Price per square meter,13/06/2024,REIDIN,"United Arab Emirates - Residential property prices, all dwellings, Dubai",,,AED,0,V,,2013-05,11661,F,,A
M,AE,4,1,0,2,1,0,A,,Moving average of the corresponding month and the previous month.,New and existing apartments and villas.,Based on offer and transaction prices.,4,,Price per square meter,13/06/2024,REIDIN,"United Arab Emirates - Residential property prices, all dwellings, Dubai",,,AED,0,V,,2013-06,11880,F,,A
M,AE,4,1,0,2,1,0,A,,Moving average of the corresponding month and the previous month.,New and existing apartments and villas.,Based on offer and transaction prices.,4,,Price per square meter,13/06/2024,REIDIN,"United Arab Emirates - Residential property prices, all dwellings, Dubai",,,AED,0,V,,2013-07,12070,F,,A
M,AE,4,1,0,2,1,0,A,,Moving average of the corresponding month and the previous month.,New and existing apartments and villas.,Based on offer and transaction prices.,4,,Price per square meter,13/06/2024,REIDIN,"United Arab Emirates - Residential property prices, all dwellings, Dubai",,,AED,0,V,,2013-08,12380,F,,A
M,AE,4,1,0,2,1,0,A,,Moving average of the corresponding month and the previous month.,New and existing apartments and villas.,Based on offer and transaction prices.,4,,Price per square meter,13/06/2024,REIDIN,"United Arab Emirates - Residential property prices, all dwellings, Dubai",,,AED,0,V,,2013-09,12892,F,,A
M,AE,4,1,0,2,1,0,A,,Moving average of the corresponding month and the previous month.,New and existing apartments and villas.,Based on offer and transaction prices.,4,,Price per square meter,13/06/2024,REIDIN,"United Arab Emirates - Residential property prices, all dwellings, Dubai",,,AED,0,V,,2013-10,13269,F,,A
M,AE,4,1,0,2,1,0,A,,Moving average of the corresponding month and the previous month.,New and existing apartments and villas.,Based on offer and transaction prices.,4,,Price per square meter,13/06/2024,REIDIN,"United Arab Emirates - Residential property prices, all dwellings, Dubai",,,AED,0,V,,2013-11,13516,F,,A
M,AE,4,1,0,2,1,0,A,,Moving average of the corresponding month and the previous month.,New and existing apartments and villas.,Based on offer and transaction prices.,4,,Price per square meter,13/06/2024,REIDIN,"United Arab Emirates - Residential property prices, all dwellings, Dubai",,,AED,0,V,,2013-12,13900,F,,A
M,AE,4,1,0,2,1,0,A,,Moving average of the corresponding month and the previous month.,New and existing apartments and villas.,Based on offer and transaction prices.,4,,Price per square meter,13/06/2024,REIDIN,"United Arab Emirates - Residential property prices, all dwellings, Dubai",,,AED,0,V,,2014-01,14243,F,,A
M,AE,4,1,0,2,1,0,A,,Moving average of the corresponding month and the previous month.,New and existing apartments and villas.,Based on offer and transaction prices.,4,,Price per square meter,13/06/2024,REIDIN,"United Arab Emirates - Residential property prices, all dwellings, Dubai",,,AED,0,V,,2014-02,14923,F,,A
M,AE,4,1,0,2,1,0,A,,Moving average of the corresponding month and the previous month.,New and existing apartments and villas.,Based on offer and transaction prices.,4,,Price per square meter,13/06/2024,REIDIN,"United Arab Emirates - Residential property prices, all dwellings, Dubai",,,AED,0,V,,2014-03,15438,F,,A
M,AE,4,1,0,2,1,0,A,,Moving average of the corresponding month and the previous month.,New and existing apartments and villas.,Based on offer and transaction prices.,4,,Price per square meter,13/06/2024,REIDIN,"United Arab Emirates - Residential property prices, all dwellings, Dubai",,,AED,0,V,,2014-04,15920,F,,A
M,AE,4,1,0,2,1,0,A,,Moving average of the corresponding month and the previous month.,New and existing apartments and villas.,Based on offer and transaction prices.,4,,Price per square meter,13/06/2024,REIDIN,"United Arab Emirates - Residential property prices, all dwellings, Dubai",,,AED,0,V,,2014-05,15928,F,,A
M,AE,4,1,0,2,1,0,A,,Moving average of the corresponding month and the previous month.,New and existing apartments and villas.,Based on offer and transaction prices.,4,,Price per square meter,13/06/2024,REIDIN,"United Arab Emirates - Residential property prices, all dwellings, Dubai",,,AED,0,V,,2014-06,16077,F,,A
M,AE,4,1,0,2,1,0,A,,Moving average of the corresponding month and the previous month.,New and existing apartments and villas.,Based on offer and transaction prices.,4,,Price per square meter,13/06/2024,REIDIN,"United Arab Emirates - Residential property prices, all dwellings, Dubai",,,AED,0,V,,2014-07,16040,F,,A
M,AE,4,1,0,2,1,0,A,,Moving average of the corresponding month and the previous month.,New and existing apartments and villas.,Based on offer and transaction prices.,4,,Price per square meter,13/06/2024,REIDIN,"United Arab Emirates - Residential property prices, all dwellings, Dubai",,,AED,0,V,,2014-08,15766,F,,A
M,AE,4,1,0,2,1,0,A,,Moving average of the corresponding month and the previous month.,New and existing apartments and villas.,Based on offer and transaction prices.,4,,Price per square meter,13/06/2024,REIDIN,"United Arab Emirates - Residential property prices, all dwellings, Dubai",,,AED,0,V,,2014-09,15984,F,,A
M,AE,4,1,0,2,1,0,A,,Moving average of the corresponding month and the previous month.,New and existing apartments and villas.,Based on offer and transaction prices.,4,,Price per square meter,13/06/2024,REIDIN,"United Arab Emirates - Residential property prices, all dwellings, Dubai",,,AED,0,V,,2014-10,16095,F,,A
M,AE,4,1,0,2,1,0,A,,Moving average of the corresponding month and the previous month.,New and existing apartments and villas.,Based on offer and transaction prices.,4,,Price per square meter,13/06/2024,REIDIN,"United Arab Emirates - Residential property prices, all dwellings, Dubai",,,AED,0,V,,2014-11,15767,F,,A
M,AE,4,1,0,2,1,0,A,,Moving average of the corresponding month and the previous month.,New and existing apartments and villas.,Based on offer and transaction prices.,4,,Price per square meter,13/06/2024,REIDIN,"United Arab Emirates - Residential property prices, all dwellings, Dubai",,,AED,0,V,,2014-12,15686,F,,A
M,AE,4,1,0,2,1,0,A,,Moving average of the corresponding month and the previous month.,New and existing apartments and villas.,Based on offer and transaction prices.,4,,Price per square meter,13/06/2024,REIDIN,"United Arab Emirates - Residential property prices, all dwellings, Dubai",,,AED,0,V,,2015-01,15309,F,,A
M,AE,4,1,0,2,1,0,A,,Moving average of the corresponding month and the previous month.,New and existing apartments and villas.,Based on offer and transaction prices.,4,,Price per square meter,13/06/2024,REIDIN,"United Arab Emirates - Residential property prices, all dwellings, Dubai",,,AED,0,V,,2015-02,15182,F,,A
M,AE,4,1,0,2,1,0,A,,Moving average of the corresponding month and the previous month.,New and existing apartments and villas.,Based on offer and transaction prices.,4,,Price per square meter,13/06/2024,REIDIN,"United Arab Emirates - Residential property prices, all dwellings, Dubai",,,AED,0,V,,2015-03,14925,F,,A
M,AE,4,1,0,2,1,0,A,,Moving average of the corresponding month and the previous month.,New and existing apartments and villas.,Based on offer and transaction prices.,4,,Price per square meter,13/06/2024,REIDIN,"United Arab Emirates - Residential property prices, all dwellings, Dubai",,,AED,0,V,,2015-04,14821,F,,A
M,AE,4,1,0,2,1,0,A,,Moving average of the corresponding month and the previous month.,New and existing apartments and villas.,Based on offer and transaction prices.,4,,Price per square meter,13/06/2024,REIDIN,"United Arab Emirates - Residential property prices, all dwellings, Dubai",,,AED,0,V,,2015-05,14595,F,,A
M,AE,4,1,0,2,1,0,A,,Moving average of the corresponding month and the previous month.,New and existing apartments and villas.,Based on offer and transaction prices.,4,,Price per square meter,13/06/2024,REIDIN,"United Arab Emirates - Residential property prices, all dwellings, Dubai",,,AED,0,V,,2015-06,14423,F,,A
M,AE,4,1,0,2,1,0,A,,Moving average of the corresponding month and the previous month.,New and existing apartments and villas.,Based on offer and transaction prices.,4,,Price per square meter,13/06/2024,REIDIN,"United Arab Emirates - Residential property prices, all dwellings, Dubai",,,AED,0,V,,2015-07,14172,F,,A
M,AE,4,1,0,2,1,0,A,,Moving average of the corresponding month and the previous month.,New and existing apartments and villas.,Based on offer and transaction prices.,4,,Price per square meter,13/06/2024,REIDIN,"United Arab Emirates - Residential property prices, all dwellings, Dubai",,,AED,0,V,,2015-08,14177,F,,A
M,AE,4,1,0,2,1,0,A,,Moving average of the corresponding month and the previous month.,New and existing apartments and villas.,Based on offer and transaction prices.,4,,Price per square meter,13/06/2024,REIDIN,"United Arab Emirates - Residential property prices, all dwellings, Dubai",,,AED,0,V,,2015-09,14249,F,,A
M,AE,4,1,0,2,1,0,A,,Moving average of the corresponding month and the previous month.,New and existing apartments and villas.,Based on offer and transaction prices.,4,,Price per square meter,13/06/2024,REIDIN,"United Arab Emirates - Residential property prices, all dwellings, Dubai",,,AED,0,V,,2015-10,13578,F,,A
M,AE,4,1,0,2,1,0,A,,Moving average of the corresponding month and the previous month.,New and existing apartments and villas.,Based on offer and transaction prices.,4,,Price per square meter,13/06/2024,REIDIN,"United Arab Emirates - Residential property prices, all dwellings, Dubai",,,AED,0,V,,2015-11,14208,F,,A
M,AE,4,1,0,2,1,0,A,,Moving average of the corresponding month and the previous month.,New and existing apartments and villas.,Based on offer and transaction prices.,4,,Price per square meter,13/06/2024,REIDIN,"United Arab Emirates - Residential property prices, all dwellings, Dubai",,,AED,0,V,,2015-12,14027,F,,A
M,AE,4,1,0,2,1,0,A,,Moving average of the corresponding month and the previous month.,New and existing apartments and villas.,Based on offer and transaction prices.,4,,Price per square meter,13/06/2024,REIDIN,"United Arab Emirates - Residential property prices, all dwellings, Dubai",,,AED,0,V,,2016-01,14070,F,,A
M,AE,4,1,0,2,1,0,A,,Moving average of the corresponding month and the previous month.,New and existing apartments and villas.,Based on offer and transaction prices.,4,,Price per square meter,13/06/2024,REIDIN,"United Arab Emirates - Residential property prices, all dwellings, Dubai",,,AED,0,V,,2016-02,13593,F,,A
M,AE,4,1,0,2,1,0,A,,Moving average of the corresponding month and the previous month.,New and existing apartments and villas.,Based on offer and transaction prices.,4,,Price per square meter,13/06/2024,REIDIN,"United Arab Emirates - Residential property prices, all dwellings, Dubai",,,AED,0,V,,2016-03,14052.5,F,,A
M,AE,4,1,0,2,1,0,A,,Moving average of the corresponding month and the previous month.,New and existing apartments and villas.,Based on offer and transaction prices.,4,,Price per square meter,13/06/2024,REIDIN,"United Arab Emirates - Residential property prices, all dwellings, Dubai",,,AED,0,V,,2016-04,13793,F,,A
M,AE,4,1,0,2,1,0,A,,Moving average of the corresponding month and the previous month.,New and existing apartments and villas.,Based on offer and transaction prices.,4,,Price per square meter,13/06/2024,REIDIN,"United Arab Emirates - Residential property prices, all dwellings, Dubai",,,AED,0,V,,2016-05,14134,F,,A
M,AE,4,1,0,2,1,0,A,,Moving average of the corresponding month and the previous month.,New and existing apartments and villas.,Based on offer and transaction prices.,4,,Price per square meter,13/06/2024,REIDIN,"United Arab Emirates - Residential property prices, all dwellings, Dubai",,,AED,0,V,,2016-06,14092,F,,A
M,AE,4,1,0,2,1,0,A,,Moving average of the corresponding month and the previous month.,New and existing apartments and villas.,Based on offer and transaction prices.,4,,Price per square meter,13/06/2024,REIDIN,"United Arab Emirates - Residential property prices, all dwellings, Dubai",,,AED,0,V,,2016-07,13958,F,,A
M,AE,4,1,0,2,1,0,A,,Moving average of the corresponding month and the previous month.,New and existing apartments and villas.,Based on offer and transaction prices.,4,,Price per square meter,13/06/2024,REIDIN,"United Arab Emirates - Residential property prices, all dwellings, Dubai",,,AED,0,V,,2016-08,14040,F,,A
M,AE,4,1,0,2,1,0,A,,Moving average of the corresponding month and the previous month.,New and existing apartments and villas.,Based on offer and transaction prices.,4,,Price per square meter,13/06/2024,REIDIN,"United Arab Emirates - Residential property prices, all dwellings, Dubai",,,AED,0,V,,2016-09,14005,F,,A
M,AE,4,1,0,2,1,0,A,,Moving average of the corresponding month and the previous month.,New and existing apartments and villas.,Based on offer and transaction prices.,4,,Price per square meter,13/06/2024,REIDIN,"United Arab Emirates - Residential property prices, all dwellings, Dubai",,,AED,0,V,,2016-10,14025,F,,A
M,AE,4,1,0,2,1,0,A,,Moving average of the corresponding month and the previous month.,New and existing apartments and villas.,Based on offer and transaction prices.,4,,Price per square meter,13/06/2024,REIDIN,"United Arab Emirates - Residential property prices, all dwellings, Dubai",,,AED,0,V,,2016-11,14017,F,,A
M,AE,4,1,0,2,1,0,A,,Moving average of the corresponding month and the previous month.,New and existing apartments and villas.,Based on offer and transaction prices.,4,,Price per square meter,13/06/2024,REIDIN,"United Arab Emirates - Residential property prices, all dwellings, Dubai",,,AED,0,V,,2016-12,13958,F,,A
M,AE,4,1,0,2,1,0,A,,Moving average of the corresponding month and the previous month.,New and existing apartments and villas.,Based on offer and transaction prices.,4,,Price per square meter,13/06/2024,REIDIN,"United Arab Emirates - Residential property prices, all dwellings, Dubai",,,AED,0,V,,2017-01,13900.9659,F,,A
M,AE,4,1,0,2,1,0,A,,Moving average of the corresponding month and the previous month.,New and existing apartments and villas.,Based on offer and transaction prices.,4,,Price per square meter,13/06/2024,REIDIN,"United Arab Emirates - Residential property prices, all dwellings, Dubai",,,AED,0,V,,2017-02,13973.5171,F,,A
M,AE,4,1,0,2,1,0,A,,Moving average of the corresponding month and the previous month.,New and existing apartments and villas.,Based on offer and transaction prices.,4,,Price per square meter,13/06/2024,REIDIN,"United Arab Emirates - Residential property prices, all dwellings, Dubai",,,AED,0,V,,2017-03,13855,F,,A
M,AE,4,1,0,2,1,0,A,,Moving average of the corresponding month and the previous month.,New and existing apartments and villas.,Based on offer and transaction prices.,4,,Price per square meter,13/06/2024,REIDIN,"United Arab Emirates - Residential property prices, all dwellings, Dubai",,,AED,0,V,,2017-04,13903,F,,A
M,AE,4,1,0,2,1,0,A,,Moving average of the corresponding month and the previous month.,New and existing apartments and villas.,Based on offer and transaction prices.,4,,Price per square meter,13/06/2024,REIDIN,"United Arab Emirates - Residential property prices, all dwellings, Dubai",,,AED,0,V,,2017-05,13974.2781,F,,A
M,AE,4,1,0,2,1,0,A,,Moving average of the corresponding month and the previous month.,New and existing apartments and villas.,Based on offer and transaction prices.,4,,Price per square meter,13/06/2024,REIDIN,"United Arab Emirates - Residential property prices, all dwellings, Dubai",,,AED,0,V,,2017-06,13951.2307,F,,A
M,AE,4,1,0,2,1,0,A,,Moving average of the corresponding month and the previous month.,New and existing apartments and villas.,Based on offer and transaction prices.,4,,Price per square meter,13/06/2024,REIDIN,"United Arab Emirates - Residential property prices, all dwellings, Dubai",,,AED,0,V,,2017-07,13863.8043,F,,A
M,AE,4,1,0,2,1,0,A,,Moving average of the corresponding month and the previous month.,New and existing apartments and villas.,Based on offer and transaction prices.,4,,Price per square meter,13/06/2024,REIDIN,"United Arab Emirates - Residential property prices, all dwellings, Dubai",,,AED,0,V,,2017-08,13730.1444,F,,A
M,AE,4,1,0,2,1,0,A,,Moving average of the corresponding month and the previous month.,New and existing apartments and villas.,Based on offer and transaction prices.,4,,Price per square meter,13/06/2024,REIDIN,"United Arab Emirates - Residential property prices, all dwellings, Dubai",,,AED,0,V,,2017-09,13656.618,F,,A
M,AE,4,1,0,2,1,0,A,,Moving average of the corresponding month and the previous month.,New and existing apartments and villas.,Based on offer and transaction prices.,4,,Price per square meter,13/06/2024,REIDIN,"United Arab Emirates - Residential property prices, all dwellings, Dubai",,,AED,0,V,,2017-10,13558.565,F,,A
M,AE,4,1,0,2,1,0,A,,Moving average of the corresponding month and the previous month.,New and existing apartments and villas.,Based on offer and transaction prices.,4,,Price per square meter,13/06/2024,REIDIN,"United Arab Emirates - Residential property prices, all dwellings, Dubai",,,AED,0,V,,2017-11,13311.5701,F,,A
M,AE,4,1,0,2,1,0,A,,Moving average of the corresponding month and the previous month.,New and existing apartments and villas.,Based on offer and transaction prices.,4,,Price per square meter,13/06/2024,REIDIN,"United Arab Emirates - Residential property prices, all dwellings, Dubai",,,AED,0,V,,2017-12,13424.1725,F,,A
M,AE,4,1,0,2,1,0,A,,Moving average of the corresponding month and the previous month.,New and existing apartments and villas.,Based on offer and transaction prices.,4,,Price per square meter,13/06/2024,REIDIN,"United Arab Emirates - Residential property prices, all dwellings, Dubai",,,AED,0,V,,2018-01,13415.2926,F,,A
M,AE,4,1,0,2,1,0,A,,Moving average of the corresponding month and the previous month.,New and existing apartments and villas.,Based on offer and transaction prices.,4,,Price per square meter,13/06/2024,REIDIN,"United Arab Emirates - Residential property prices, all dwellings, Dubai",,,AED,0,V,,2018-02,13336.9689,F,,A
M,AE,4,1,0,2,1,0,A,,Moving average of the corresponding month and the previous month.,New and existing apartments and villas.,Based on offer and transaction prices.,4,,Price per square meter,13/06/2024,REIDIN,"United Arab Emirates - Residential property prices, all dwellings, Dubai",,,AED,0,V,,2018-03,13104.7113,F,,A
M,AE,4,1,0,2,1,0,A,,Moving average of the corresponding month and the previous month.,New and existing apartments and villas.,Based on offer and transaction prices.,4,,Price per square meter,13/06/2024,REIDIN,"United Arab Emirates - Residential property prices, all dwellings, Dubai",,,AED,0,V,,2018-04,13151,F,,A
M,AE,4,1,0,2,1,0,A,,Moving average of the corresponding month and the previous month.,New and existing apartments and villas.,Based on offer and transaction prices.,4,,Price per square meter,13/06/2024,REIDIN,"United Arab Emirates - Residential property prices, all dwellings, Dubai",,,AED,0,V,,2018-05,13072.0211,F,,A
M,AE,4,1,0,2,1,0,A,,Moving average of the corresponding month and the previous month.,New and existing apartments and villas.,Based on offer and transaction prices.,4,,Price per square meter,13/06/2024,REIDIN,"United Arab Emirates - Residential property prices, all dwellings, Dubai",,,AED,0,V,,2018-06,12966.4315,F,,A
M,AE,4,1,0,2,1,0,A,,Moving average of the corresponding month and the previous month.,New and existing apartments and villas.,Based on offer and transaction prices.,4,,Price per square meter,13/06/2024,REIDIN,"United Arab Emirates - Residential property prices, all dwellings, Dubai",,,AED,0,V,,2018-07,12827.2328,F,,A
M,AE,4,1,0,2,1,0,A,,Moving average of the corresponding month and the previous month.,New and existing apartments and villas.,Based on offer and transaction prices.,4,,Price per square meter,13/06/2024,REIDIN,"United Arab Emirates - Residential property prices, all dwellings, Dubai",,,AED,0,V,,2018-08,12646.4923,F,,A
M,AE,4,1,0,2,1,0,A,,Moving average of the corresponding month and the previous month.,New and existing apartments and villas.,Based on offer and transaction prices.,4,,Price per square meter,13/06/2024,REIDIN,"United Arab Emirates - Residential property prices, all dwellings, Dubai",,,AED,0,V,,2018-09,12567.8525,F,,A
M,AE,4,1,0,2,1,0,A,,Moving average of the corresponding month and the previous month.,New and existing apartments and villas.,Based on offer and transaction prices.,4,,Price per square meter,13/06/2024,REIDIN,"United Arab Emirates - Residential property prices, all dwellings, Dubai",,,AED,0,V,,2018-10,12303.9585,F,,A
M,AE,4,1,0,2,1,0,A,,Moving average of the corresponding month and the previous month.,New and existing apartments and villas.,Based on offer and transaction prices.,4,,Price per square meter,13/06/2024,REIDIN,"United Arab Emirates - Residential property prices, all dwellings, Dubai",,,AED,0,V,,2018-11,12237.693,F,,A
M,AE,4,1,0,2,1,0,A,,Moving average of the corresponding month and the previous month.,New and existing apartments and villas.,Based on offer and transaction prices.,4,,Price per square meter,13/06/2024,REIDIN,"United Arab Emirates - Residential property prices, all dwellings, Dubai",,,AED,0,V,,2018-12,12229.0905,F,,A
M,AE,4,1,0,2,1,0,A,,Moving average of the corresponding month and the previous month.,New and existing apartments and villas.,Based on offer and transaction prices.,4,,Price per square meter,13/06/2024,REIDIN,"United Arab Emirates - Residential property prices, all dwellings, Dubai",,,AED,0,V,,2019-01,12055,F,,A
M,AE,4,1,0,2,1,0,A,,Moving average of the corresponding month and the previous month.,New and existing apartments and villas.,Based on offer and transaction prices.,4,,Price per square meter,13/06/2024,REIDIN,"United Arab Emirates - Residential property prices, all dwellings, Dubai",,,AED,0,V,,2019-02,12042.3212,F,,A
M,AE,4,1,0,2,1,0,A,,Moving average of the corresponding month and the previous month.,New and existing apartments and villas.,Based on offer and transaction prices.,4,,Price per square meter,13/06/2024,REIDIN,"United Arab Emirates - Residential property prices, all dwellings, Dubai",,,AED,0,V,,2019-03,12144.3602,F,,A
M,AE,4,1,0,2,1,0,A,,Moving average of the corresponding month and the previous month.,New and existing apartments and villas.,Based on offer and transaction prices.,4,,Price per square meter,13/06/2024,REIDIN,"United Arab Emirates - Residential property prices, all dwellings, Dubai",,,AED,0,V,,2019-04,11817.5197,F,,A
M,AE,4,1,0,2,1,0,A,,Moving average of the corresponding month and the previous month.,New and existing apartments and villas.,Based on offer and transaction prices.,4,,Price per square meter,13/06/2024,REIDIN,"United Arab Emirates - Residential property prices, all dwellings, Dubai",,,AED,0,V,,2019-05,11812.1414,F,,A
M,AE,4,1,0,2,1,0,A,,Moving average of the corresponding month and the previous month.,New and existing apartments and villas.,Based on offer and transaction prices.,4,,Price per square meter,13/06/2024,REIDIN,"United Arab Emirates - Residential property prices, all dwellings, Dubai",,,AED,0,V,,2019-06,11766.246,F,,A
M,AE,4,1,0,2,1,0,A,,Moving average of the corresponding month and the previous month.,New and existing apartments and villas.,Based on offer and transaction prices.,4,,Price per square meter,13/06/2024,REIDIN,"United Arab Emirates - Residential property prices, all dwellings, Dubai",,,AED,0,V,,2019-07,11835.6185,F,,A
M,AE,4,1,0,2,1,0,A,,Moving average of the corresponding month and the previous month.,New and existing apartments and villas.,Based on offer and transaction prices.,4,,Price per square meter,13/06/2024,REIDIN,"United Arab Emirates - Residential property prices, all dwellings, Dubai",,,AED,0,V,,2019-08,11948.97,F,,A
M,AE,4,1,0,2,1,0,A,,Moving average of the corresponding month and the previous month.,New and existing apartments and villas.,Based on offer and transaction prices.,4,,Price per square meter,13/06/2024,REIDIN,"United Arab Emirates - Residential property prices, all dwellings, Dubai",,,AED,0,V,,2019-09,11628.7165,F,,A
M,AE,4,1,0,2,1,0,A,,Moving average of the corresponding month and the previous month.,New and existing apartments and villas.,Based on offer and transaction prices.,4,,Price per square meter,13/06/2024,REIDIN,"United Arab Emirates - Residential property prices, all dwellings, Dubai",,,AED,0,V,,2019-10,11579.22,F,,A
M,AE,4,1,0,2,1,0,A,,Moving average of the corresponding month and the previous month.,New and existing apartments and villas.,Based on offer and transaction prices.,4,,Price per square meter,13/06/2024,REIDIN,"United Arab Emirates - Residential property prices, all dwellings, Dubai",,,AED,0,V,,2019-11,11602.5373,F,,A
M,AE,4,1,0,2,1,0,A,,Moving average of the corresponding month and the previous month.,New and existing apartments and villas.,Based on offer and transaction prices.,4,,Price per square meter,13/06/2024,REIDIN,"United Arab Emirates - Residential property prices, all dwellings, Dubai",,,AED,0,V,,2019-12,11488.9342,F,,A
M,AE,4,1,0,2,1,0,A,,Moving average of the corresponding month and the previous month.,New and existing apartments and villas.,Based on offer and transaction prices.,4,,Price per square meter,13/06/2024,REIDIN,"United Arab Emirates - Residential property prices, all dwellings, Dubai",,,AED,0,V,,2020-01,11322.8009,F,,A
M,AE,4,1,0,2,1,0,A,,Moving average of the corresponding month and the previous month.,New and existing apartments and villas.,Based on offer and transaction prices.,4,,Price per square meter,13/06/2024,REIDIN,"United Arab Emirates - Residential property prices, all dwellings, Dubai",,,AED,0,V,,2020-02,11326.1439,F,,A
M,AE,4,1,0,2,1,0,A,,Moving average of the corresponding month and the previous month.,New and existing apartments and villas.,Based on offer and transaction prices.,4,,Price per square meter,13/06/2024,REIDIN,"United Arab Emirates - Residential property prices, all dwellings, Dubai",,,AED,0,V,,2020-03,11215.936,F,,A
M,AE,4,1,0,2,1,0,A,,Moving average of the corresponding month and the previous month.,New and existing apartments and villas.,Based on offer and transaction prices.,4,,Price per square meter,13/06/2024,REIDIN,"United Arab Emirates - Residential property prices, all dwellings, Dubai",,,AED,0,V,,2020-04,11179.5805,F,,A
M,AE,4,1,0,2,1,0,A,,Moving average of the corresponding month and the previous month.,New and existing apartments and villas.,Based on offer and transaction prices.,4,,Price per square meter,13/06/2024,REIDIN,"United Arab Emirates - Residential property prices, all dwellings, Dubai",,,AED,0,V,,2020-05,11091.6621,F,,A
M,AE,4,1,0,2,1,0,A,,Moving average of the corresponding month and the previous month.,New and existing apartments and villas.,Based on offer and transaction prices.,4,,Price per square meter,13/06/2024,REIDIN,"United Arab Emirates - Residential property prices, all dwellings, Dubai",,,AED,0,V,,2020-06,10931.9488,F,,A
M,AE,4,1,0,2,1,0,A,,Moving average of the corresponding month and the previous month.,New and existing apartments and villas.,Based on offer and transaction prices.,4,,Price per square meter,13/06/2024,REIDIN,"United Arab Emirates - Residential property prices, all dwellings, Dubai",,,AED,0,V,,2020-07,10885.0272,F,,A
M,AE,4,1,0,2,1,0,A,,Moving average of the corresponding month and the previous month.,New and existing apartments and villas.,Based on offer and transaction prices.,4,,Price per square meter,13/06/2024,REIDIN,"United Arab Emirates - Residential property prices, all dwellings, Dubai",,,AED,0,V,,2020-08,10767.7172,F,,A
M,AE,4,1,0,2,1,0,A,,Moving average of the corresponding month and the previous month.,New and existing apartments and villas.,Based on offer and transaction prices.,4,,Price per square meter,13/06/2024,REIDIN,"United Arab Emirates - Residential property prices, all dwellings, Dubai",,,AED,0,V,,2020-09,10741.0615,F,,A
M,AE,4,1,0,2,1,0,A,,Moving average of the corresponding month and the previous month.,New and existing apartments and villas.,Based on offer and transaction prices.,4,,Price per square meter,13/06/2024,REIDIN,"United Arab Emirates - Residential property prices, all dwellings, Dubai",,,AED,0,V,,2020-10,10716.1365,F,,A
M,AE,4,1,0,2,1,0,A,,Moving average of the corresponding month and the previous month.,New and existing apartments and villas.,Based on offer and transaction prices.,4,,Price per square meter,13/06/2024,REIDIN,"United Arab Emirates - Residential property prices, all dwellings, Dubai",,,AED,0,V,,2020-11,10704.2303,F,,A
M,AE,4,1,0,2,1,0,A,,Moving average of the corresponding month and the previous month.,New and existing apartments and villas.,Based on offer and transaction prices.,4,,Price per square meter,13/06/2024,REIDIN,"United Arab Emirates - Residential property prices, all dwellings, Dubai",,,AED,0,V,,2020-12,10749.4759,F,,A
M,AE,4,1,0,2,1,0,A,,Moving average of the corresponding month and the previous month.,New and existing apartments and villas.,Based on offer and transaction prices.,4,,Price per square meter,13/06/2024,REIDIN,"United Arab Emirates - Residential property prices, all dwellings, Dubai",,,AED,0,V,,2021-01,10843.6021,F,,A
M,AE,4,1,0,2,1,0,A,,Moving average of the corresponding month and the previous month.,New and existing apartments and villas.,Based on offer and transaction prices.,4,,Price per square meter,13/06/2024,REIDIN,"United Arab Emirates - Residential property prices, all dwellings, Dubai",,,AED,0,V,,2021-02,10803.9508,F,,A
M,AE,4,1,0,2,1,0,A,,Moving average of the corresponding month and the previous month.,New and existing apartments and villas.,Based on offer and transaction prices.,4,,Price per square meter,13/06/2024,REIDIN,"United Arab Emirates - Residential property prices, all dwellings, Dubai",,,AED,0,V,,2021-03,10826.0252,F,,A
M,AE,4,1,0,2,1,0,A,,Moving average of the corresponding month and the previous month.,New and existing apartments and villas.,Based on offer and transaction prices.,4,,Price per square meter,13/06/2024,REIDIN,"United Arab Emirates - Residential property prices, all dwellings, Dubai",,,AED,0,V,,2021-04,10923.43,F,,A
M,AE,4,1,0,2,1,0,A,,Moving average of the corresponding month and the previous month.,New and existing apartments and villas.,Based on offer and transaction prices.,4,,Price per square meter,13/06/2024,REIDIN,"United Arab Emirates - Residential property prices, all dwellings, Dubai",,,AED,0,V,,2021-05,10997.9011,F,,A
M,AE,4,1,0,2,1,0,A,,Moving average of the corresponding month and the previous month.,New and existing apartments and villas.,Based on offer and transaction prices.,4,,Price per square meter,13/06/2024,REIDIN,"United Arab Emirates - Residential property prices, all dwellings, Dubai",,,AED,0,V,,2021-06,11165.4547,F,,A
M,AE,4,1,0,2,1,0,A,,Moving average of the corresponding month and the previous month.,New and existing apartments and villas.,Based on offer and transaction prices.,4,,Price per square meter,13/06/2024,REIDIN,"United Arab Emirates - Residential property prices, all dwellings, Dubai",,,AED,0,V,,2021-07,11296.4017,F,,A
M,AE,4,1,0,2,1,0,A,,Moving average of the corresponding month and the previous month.,New and existing apartments and villas.,Based on offer and transaction prices.,4,,Price per square meter,13/06/2024,REIDIN,"United Arab Emirates - Residential property prices, all dwellings, Dubai",,,AED,0,V,,2021-08,11517.549,F,,A
M,AE,4,1,0,2,1,0,A,,Moving average of the corresponding month and the previous month.,New and existing apartments and villas.,Based on offer and transaction prices.,4,,Price per square meter,13/06/2024,REIDIN,"United Arab Emirates - Residential property prices, all dwellings, Dubai",,,AED,0,V,,2021-09,11579.2015,F,,A
M,AE,4,1,0,2,1,0,A,,Moving average of the corresponding month and the previous month.,New and existing apartments and villas.,Based on offer and transaction prices.,4,,Price per square meter,13/06/2024,REIDIN,"United Arab Emirates - Residential property prices, all dwellings, Dubai",,,AED,0,V,,2021-10,11701.3156,F,,A
M,AE,4,1,0,2,1,0,A,,Moving average of the corresponding month and the previous month.,New and existing apartments and villas.,Based on offer and transaction prices.,4,,Price per square meter,13/06/2024,REIDIN,"United Arab Emirates - Residential property prices, all dwellings, Dubai",,,AED,0,V,,2021-11,11750.6152,F,,A
M,AE,4,1,0,2,1,0,A,,Moving average of the corresponding month and the previous month.,New and existing apartments and villas.,Based on offer and transaction prices.,4,,Price per square meter,13/06/2024,REIDIN,"United Arab Emirates - Residential property prices, all dwellings, Dubai",,,AED,0,V,,2021-12,11802.4762,F,,A
M,AE,4,1,0,2,1,0,A,,Moving average of the corresponding month and the previous month.,New and existing apartments and villas.,Based on offer and transaction prices.,4,,Price per square meter,13/06/2024,REIDIN,"United Arab Emirates - Residential property prices, all dwellings, Dubai",,,AED,0,V,,2022-01,12045.9626,F,,A
M,AE,4,1,0,2,1,0,A,,Moving average of the corresponding month and the previous month.,New and existing apartments and villas.,Based on offer and transaction prices.,4,,Price per square meter,13/06/2024,REIDIN,"United Arab Emirates - Residential property prices, all dwellings, Dubai",,,AED,0,V,,2022-02,12001.9332,F,,A
M,AE,4,1,0,2,1,0,A,,Moving average of the corresponding month and the previous month.,New and existing apartments and villas.,Based on offer and transaction prices.,4,,Price per square meter,13/06/2024,REIDIN,"United Arab Emirates - Residential property prices, all dwellings, Dubai",,,AED,0,V,,2022-03,12122.0409,F,,A
M,AE,4,1,0,2,1,0,A,,Moving average of the corresponding month and the previous month.,New and existing apartments and villas.,Based on offer and transaction prices.,4,,Price per square meter,13/06/2024,REIDIN,"United Arab Emirates - Residential property prices, all dwellings, Dubai",,,AED,0,V,,2022-04,12089.6725,F,,A
M,AE,4,1,0,2,1,0,A,,Moving average of the corresponding month and the previous month.,New and existing apartments and villas.,Based on offer and transaction prices.,4,,Price per square meter,13/06/2024,REIDIN,"United Arab Emirates - Residential property prices, all dwellings, Dubai",,,AED,0,V,,2022-05,12196.8468,F,,A
M,AE,4,1,0,2,1,0,A,,Moving average of the corresponding month and the previous month.,New and existing apartments and villas.,Based on offer and transaction prices.,4,,Price per square meter,13/06/2024,REIDIN,"United Arab Emirates - Residential property prices, all dwellings, Dubai",,,AED,0,V,,2022-06,12399.4349,F,,A
M,AE,4,1,0,2,1,0,A,,Moving average of the corresponding month and the previous month.,New and existing apartments and villas.,Based on offer and transaction prices.,4,,Price per square meter,13/06/2024,REIDIN,"United Arab Emirates - Residential property prices, all dwellings, Dubai",,,AED,0,V,,2022-07,12399.4349,F,,A
M,AE,4,1,0,2,1,0,A,,Moving average of the corresponding month and the previous month.,New and existing apartments and villas.,Based on offer and transaction prices.,4,,Price per square meter,13/06/2024,REIDIN,"United Arab Emirates - Residential property prices, all dwellings, Dubai",,,AED,0,V,,2022-08,12400.3328,F,,A
M,AE,4,1,0,2,1,0,A,,Moving average of the corresponding month and the previous month.,New and existing apartments and villas.,Based on offer and transaction prices.,4,,Price per square meter,13/06/2024,REIDIN,"United Arab Emirates - Residential property prices, all dwellings, Dubai",,,AED,0,V,,2022-09,12621.1,F,,A
M,AE,4,1,0,2,1,0,A,,Moving average of the corresponding month and the previous month.,New and existing apartments and villas.,Based on offer and transaction prices.,4,,Price per square meter,13/06/2024,REIDIN,"United Arab Emirates - Residential property prices, all dwellings, Dubai",,,AED,0,V,,2022-10,12804.84,F,,A
M,AE,4,1,0,2,1,0,A,,Moving average of the corresponding month and the previous month.,New and existing apartments and villas.,Based on offer and transaction prices.,4,,Price per square meter,13/06/2024,REIDIN,"United Arab Emirates - Residential property prices, all dwellings, Dubai",,,AED,0,V,,2022-11,12904.77,F,,A
M,AE,4,1,0,2,1,0,A,,Moving average of the corresponding month and the previous month.,New and existing apartments and villas.,Based on offer and transaction prices.,4,,Price per square meter,13/06/2024,REIDIN,"United Arab Emirates - Residential property prices, all dwellings, Dubai",,,AED,0,V,,2022-12,12931.24,F,,A
M,AE,4,1,0,2,1,0,A,,Moving average of the corresponding month and the previous month.,New and existing apartments and villas.,Based on offer and transaction prices.,4,,Price per square meter,13/06/2024,REIDIN,"United Arab Emirates - Residential property prices, all dwellings, Dubai",,,AED,0,V,,2023-01,13461.15,F,,A
M,AE,4,1,0,2,1,0,A,,Moving average of the corresponding month and the previous month.,New and existing apartments and villas.,Based on offer and transaction prices.,4,,Price per square meter,13/06/2024,REIDIN,"United Arab Emirates - Residential property prices, all dwellings, Dubai",,,AED,0,V,,2023-02,13492.58,F,,A
M,AE,4,1,0,2,1,0,A,,Moving average of the corresponding month and the previous month.,New and existing apartments and villas.,Based on offer and transaction prices.,4,,Price per square meter,13/06/2024,REIDIN,"United Arab Emirates - Residential property prices, all dwellings, Dubai",,,AED,0,V,,2023-03,13814.9,F,,A
M,AE,4,1,0,2,1,0,A,,Moving average of the corresponding month and the previous month.,New and existing apartments and villas.,Based on offer and transaction prices.,4,,Price per square meter,13/06/2024,REIDIN,"United Arab Emirates - Residential property prices, all dwellings, Dubai",,,AED,0,V,,2023-04,14057.79,F,,A
M,AE,4,1,0,2,1,0,A,,Moving average of the corresponding month and the previous month.,New and existing apartments and villas.,Based on offer and transaction prices.,4,,Price per square meter,13/06/2024,REIDIN,"United Arab Emirates - Residential property prices, all dwellings, Dubai",,,AED,0,V,,2023-05,14304.02,F,,A
M,AE,4,1,0,2,1,0,A,,Moving average of the corresponding month and the previous month.,New and existing apartments and villas.,Based on offer and transaction prices.,4,,Price per square meter,13/06/2024,REIDIN,"United Arab Emirates - Residential property prices, all dwellings, Dubai",,,AED,0,V,,2023-06,14390.33,F,,A
M,AE,4,1,0,2,1,0,A,,Moving average of the corresponding month and the previous month.,New and existing apartments and villas.,Based on offer and transaction prices.,4,,Price per square meter,13/06/2024,REIDIN,"United Arab Emirates - Residential property prices, all dwellings, Dubai",,,AED,0,V,,2023-07,14797.27,F,,A
M,AE,4,1,0,2,1,0,A,,Moving average of the corresponding month and the previous month.,New and existing apartments and villas.,Based on offer and transaction prices.,4,,Price per square meter,13/06/2024,REIDIN,"United Arab Emirates - Residential property prices, all dwellings, Dubai",,,AED,0,V,,2023-08,15015.61,F,,A
M,AE,4,1,0,2,1,0,A,,Moving average of the corresponding month and the previous month.,New and existing apartments and villas.,Based on offer and transaction prices.,4,,Price per square meter,13/06/2024,REIDIN,"United Arab Emirates - Residential property prices, all dwellings, Dubai",,,AED,0,V,,2023-09,15088.67,F,,A
M,AE,4,1,0,2,1,0,A,,Moving average of the corresponding month and the previous month.,New and existing apartments and villas.,Based on offer and transaction prices.,4,,Price per square meter,13/06/2024,REIDIN,"United Arab Emirates - Residential property prices, all dwellings, Dubai",,,AED,0,V,,2023-10,15196.63,F,,A
M,AE,4,1,0,2,1,0,A,,Moving average of the corresponding month and the previous month.,New and existing apartments and villas.,Based on offer and transaction prices.,4,,Price per square meter,13/06/2024,REIDIN,"United Arab Emirates - Residential property prices, all dwellings, Dubai",,,AED,0,V,,2023-11,15322.0156,F,,A
M,AE,4,1,0,2,1,0,A,,Moving average of the corresponding month and the previous month.,New and existing apartments and villas.,Based on offer and transaction prices.,4,,Price per square meter,13/06/2024,REIDIN,"United Arab Emirates - Residential property prices, all dwellings, Dubai",,,AED,0,V,,2023-12,15691.7852,F,,A
M,AE,4,1,0,2,1,0,A,,Moving average of the corresponding month and the previous month.,New and existing apartments and villas.,Based on offer and transaction prices.,4,,Price per square meter,13/06/2024,REIDIN,"United Arab Emirates - Residential property prices, all dwellings, Dubai",,,AED,0,V,,2024-01,15924.9445,F,,A
M,AE,4,1,0,2,1,0,A,,Moving average of the corresponding month and the previous month.,New and existing apartments and villas.,Based on offer and transaction prices.,4,,Price per square meter,13/06/2024,REIDIN,"United Arab Emirates - Residential property prices, all dwellings, Dubai",,,AED,0,V,,2024-02,16385.6,F,,A
M,AE,4,1,0,2,1,0,A,,Moving average of the corresponding month and the previous month.,New and existing apartments and villas.,Based on offer and transaction prices.,4,,Price per square meter,13/06/2024,REIDIN,"United Arab Emirates - Residential property prices, all dwellings, Dubai",,,AED,0,V,,2024-03,16725.18,F,,A
M,AE,4,1,0,2,1,0,A,,Moving average of the corresponding month and the previous month.,New and existing apartments and villas.,Based on offer and transaction prices.,4,,Price per square meter,13/06/2024,REIDIN,"United Arab Emirates - Residential property prices, all dwellings, Dubai",,,AED,0,V,,2024-04,16973.1937,F,,A
